{
    "loss": 5.7082200050354,
    "accuracy": 0.5686274766921997
}