{
    "loss": 22.232776641845703,
    "accuracy": 0.5686274766921997
}